{
  "vertices": [
    -0.5, -0.5,  0.5,   0.0,  0.447214,  0.894427,  0, 0,
     0.5, -0.5,  0.5,   0.0,  0.447214,  0.894427,  1, 0,
     0.0,  0.5,  0.0,   0.0,  0.447214,  0.894427,  0.5, 1,

     0.5, -0.5,  0.5,   0.894427,  0.447214,  0.0,  0, 0,
     0.5, -0.5, -0.5,   0.894427,  0.447214,  0.0,  1, 0,
     0.0,  0.5,  0.0,   0.894427,  0.447214,  0.0,  0.5, 1,

     0.5, -0.5, -0.5,   0.0,  0.447214, -0.894427,  0, 0,
    -0.5, -0.5, -0.5,   0.0,  0.447214, -0.894427,  1, 0,
     0.0,  0.5,  0.0,   0.0,  0.447214, -0.894427,  0.5, 1,

    -0.5, -0.5, -0.5,  -0.894427,  0.447214,  0.0,  0, 0,
    -0.5, -0.5,  0.5,  -0.894427,  0.447214,  0.0,  1, 0,
     0.0,  0.5,  0.0,  -0.894427,  0.447214,  0.0,  0.5, 1,

    -0.5, -0.5,  0.5,   0.0, -1.0,  0.0,  0, 0,
     0.5, -0.5, -0.5,   0.0, -1.0,  0.0,  1, 1,
     0.5, -0.5,  0.5,   0.0, -1.0,  0.0,  1, 0,

    -0.5, -0.5,  0.5,   0.0, -1.0,  0.0,  0, 0,
    -0.5, -0.5, -0.5,   0.0, -1.0,  0.0,  0, 1,
     0.5, -0.5, -0.5,   0.0, -1.0,  0.0,  1, 1
  ],
  "indices": [
     0,  1,  2,
     3,  4,  5,
     6,  7,  8,
     9, 10, 11,
    12, 13, 14,
    15, 16, 17
  ],
  "name": "pyramid"
}
